fold,model_name,target,rff_component_count,train_loss,val_loss
0,terramind_v1_base,bio12,8192,0.1371169889939468,0.31054098982008815
1,terramind_v1_base,bio12,8192,0.14295550362064718,0.3502864617688492
2,terramind_v1_base,bio12,8192,0.13097442306447105,0.4339745578489221
3,terramind_v1_base,bio12,8192,0.14835254250673807,0.24575819404964744
4,terramind_v1_base,bio12,8192,0.14433896990250644,0.30612665354161056
0,terramind_v1_tiny,bio12,64,0.5898721666181649,0.48839141336387926
1,terramind_v1_tiny,bio12,64,0.5887271200750545,0.669385798559829
2,terramind_v1_tiny,bio12,64,0.6043936869978541,0.6873723244043484
3,terramind_v1_tiny,bio12,64,0.6126664920219622,0.4529187452244465
4,terramind_v1_tiny,bio12,64,0.6119937479198149,0.49515712083786345
0,terramind_v1_large,bio04,8192,0.04634314884074088,0.09393507309927604
1,terramind_v1_large,bio04,8192,0.04748821117610553,0.129146650448676
2,terramind_v1_large,bio04,8192,0.04742091513096095,0.1033103496976885
3,terramind_v1_large,bio04,8192,0.045853974101150344,0.11179690428018792
4,terramind_v1_large,bio04,8192,0.04904518568335908,0.09653916050379002
0,terramind_v1_tiny,bio01,512,0.18480537320402865,0.18773000951107383
1,terramind_v1_tiny,bio01,512,0.19107104172651385,0.22031366448239734
2,terramind_v1_tiny,bio01,512,0.19458678232569585,0.18646920276443923
3,terramind_v1_tiny,bio01,512,0.1823635451470605,0.19796521900867492
4,terramind_v1_tiny,bio01,512,0.18774325922527427,0.2259003985909743
0,terramind_v1_large,bio01,64,0.6980594928389644,0.6311752740219334
1,terramind_v1_large,bio01,64,0.7061328814178749,0.8078085883610747
2,terramind_v1_large,bio01,64,0.7092260059758159,0.7051274203977898
3,terramind_v1_large,bio01,64,0.6990650360134015,0.6138197775892057
4,terramind_v1_large,bio01,64,0.6883001394749689,0.8278532074442123
0,terramind_v1_large,bio01,256,0.34538870170263425,0.3266070925340501
1,terramind_v1_large,bio01,256,0.3500873215495809,0.4159774324864382
2,terramind_v1_large,bio01,256,0.35411822513555796,0.362268542768237
3,terramind_v1_large,bio01,256,0.3440178962940621,0.33879232657101593
4,terramind_v1_large,bio01,256,0.34700510026580306,0.41472219103234437
0,terramind_v1_base,bio04,64,0.6005562458678637,0.4952697027429518
1,terramind_v1_base,bio04,64,0.6081741989445109,0.7126057418576344
2,terramind_v1_base,bio04,64,0.6165559401418447,0.5871426770224794
3,terramind_v1_base,bio04,64,0.6008666769433821,0.6034065055821249
4,terramind_v1_base,bio04,64,0.6043729102508681,0.6429492712795949
0,terramind_v1_tiny,bio01,8192,0.03772262794853278,0.09316686244340046
1,terramind_v1_tiny,bio01,8192,0.04014302343088414,0.10065081883773522
2,terramind_v1_tiny,bio01,8192,0.03895884606826382,0.09260182670806141
3,terramind_v1_tiny,bio01,8192,0.0372797665683083,0.09782914106066797
4,terramind_v1_tiny,bio01,8192,0.03973587505605587,0.09917982102864759
0,terramind_v1_tiny,bio04,128,0.44452013553043207,0.41628962323288327
1,terramind_v1_tiny,bio04,128,0.453697373254168,0.5422551141621523
2,terramind_v1_tiny,bio04,128,0.4735079726905696,0.4194257425025036
3,terramind_v1_tiny,bio04,128,0.44816704947701297,0.4662402544369843
4,terramind_v1_tiny,bio04,128,0.46158111803299484,0.45185261301136814
0,terramind_v1_tiny,bio04,8192,0.058459131729732106,0.15447925872421037
1,terramind_v1_tiny,bio04,8192,0.06270330452827434,0.17986854876518948
2,terramind_v1_tiny,bio04,8192,0.06150033095227894,0.14872903702607934
3,terramind_v1_tiny,bio04,8192,0.059626993538668994,0.16681478432357003
4,terramind_v1_tiny,bio04,8192,0.06461183444618242,0.13954538122988008
0,terramind_v1_tiny,bio12,8192,0.15056674459314667,0.35708246712994296
1,terramind_v1_tiny,bio12,8192,0.15509661945726666,0.42395720855871327
2,terramind_v1_tiny,bio12,8192,0.14308599855811377,0.49167190822170004
3,terramind_v1_tiny,bio12,8192,0.16232788827360328,0.30414591196787977
4,terramind_v1_tiny,bio12,8192,0.15932324314718277,0.36508466018989055
0,terramind_v1_base,bio12,1024,0.3193545038027089,0.3445152080555653
1,terramind_v1_base,bio12,1024,0.32152251920417013,0.4617781126879785
2,terramind_v1_base,bio12,1024,0.3147864199023025,0.5017812551867943
3,terramind_v1_base,bio12,1024,0.33723095026585587,0.2973993307520342
4,terramind_v1_base,bio12,1024,0.33348448771748335,0.3543018798922355
0,terramind_v1_tiny,bio12,2048,0.2663003891154141,0.35161762760284737
1,terramind_v1_tiny,bio12,2048,0.27275441359033215,0.427420012264088
2,terramind_v1_tiny,bio12,2048,0.2633769543810969,0.4837494729462681
3,terramind_v1_tiny,bio12,2048,0.2854621528958899,0.2865865141382901
4,terramind_v1_tiny,bio12,2048,0.28141360354907563,0.3454826573004778
0,terramind_v1_tiny,bio04,16,0.9111607803414814,0.7612231104036312
1,terramind_v1_tiny,bio04,16,0.9150066121911146,1.109728223673981
2,terramind_v1_tiny,bio04,16,0.9273573039709596,0.9421283771293293
3,terramind_v1_tiny,bio04,16,0.909031577600324,0.9195875031579175
4,terramind_v1_tiny,bio04,16,0.9164045072555628,0.9843865544511368
0,terramind_v1_small,bio01,256,0.2965279775431175,0.3137545602853759
1,terramind_v1_small,bio01,256,0.3094723596842229,0.3452183080326417
2,terramind_v1_small,bio01,256,0.31461314751254993,0.2888005243750059
3,terramind_v1_small,bio01,256,0.29783416023370857,0.30094736257131655
4,terramind_v1_small,bio01,256,0.3038298089778469,0.3566133289337553
0,terramind_v1_large,bio12,128,0.5828686195946634,0.5092162526340449
1,terramind_v1_large,bio12,128,0.5823395420944829,0.6950628618240765
2,terramind_v1_large,bio12,128,0.6073236201317213,0.6762809889944794
3,terramind_v1_large,bio12,128,0.6033701545274188,0.47512523643752974
4,terramind_v1_large,bio12,128,0.6066544957018782,0.5041102783264717
0,terramind_v1_tiny,bio12,512,0.3904231974570795,0.35931156551646193
1,terramind_v1_tiny,bio12,512,0.3896404078577045,0.5004828660331695
2,terramind_v1_tiny,bio12,512,0.38824967709345604,0.5358621912256241
3,terramind_v1_tiny,bio12,512,0.4078818798895607,0.3248379472711691
4,terramind_v1_tiny,bio12,512,0.4082771585567824,0.3603129290130248
0,terramind_v1_small,bio12,128,0.5598349023402459,0.45822833953606223
1,terramind_v1_small,bio12,128,0.5471760006647424,0.6883155830344325
2,terramind_v1_small,bio12,128,0.5664113878577572,0.6784077829805013
3,terramind_v1_small,bio12,128,0.5785232259784835,0.4376255391267827
4,terramind_v1_small,bio12,128,0.5791013106924573,0.4853007437956726
0,terramind_v1_small,bio04,32,0.7234294025440503,0.6020104924466235
1,terramind_v1_small,bio04,32,0.7384613166933309,0.8363091757747362
2,terramind_v1_small,bio04,32,0.7418439818484502,0.7172287196679249
3,terramind_v1_small,bio04,32,0.7270068391315649,0.7224025819458588
4,terramind_v1_small,bio04,32,0.7314619658620679,0.732922853201039
0,terramind_v1_small,bio12,16,0.892543105524132,0.7282859813586641
1,terramind_v1_small,bio12,16,0.8816110508304448,1.0386656720253986
2,terramind_v1_small,bio12,16,0.8932408077693534,1.1023006348987168
3,terramind_v1_small,bio12,16,0.9063792806013394,0.7696227417177187
4,terramind_v1_small,bio12,16,0.8937147563169479,0.8897846529663058
0,terramind_v1_large,bio04,32,0.848898513933547,0.7183371730218573
1,terramind_v1_large,bio04,32,0.851004886312263,1.0486999209182757
2,terramind_v1_large,bio04,32,0.8530655470154194,0.9074222477969732
3,terramind_v1_large,bio04,32,0.8498017296754095,0.836866288853808
4,terramind_v1_large,bio04,32,0.8547968468400778,0.9219406471386047
0,terramind_v1_tiny,bio04,512,0.23692927348987702,0.25507688255370703
1,terramind_v1_tiny,bio04,512,0.2467360282652392,0.31633515507788385
2,terramind_v1_tiny,bio04,512,0.2553314797218317,0.242412978752962
3,terramind_v1_tiny,bio04,512,0.23851143500321947,0.28645964185677053
4,terramind_v1_tiny,bio04,512,0.2504200716429515,0.261672700106534
0,terramind_v1_small,bio04,16,0.9346317883285316,0.7095273950154302
1,terramind_v1_small,bio04,16,0.9174272097139475,1.1379943535821602
2,terramind_v1_small,bio04,16,0.9288691889187516,0.9579815310259667
3,terramind_v1_small,bio04,16,0.9340629886728401,0.8729972545222958
4,terramind_v1_small,bio04,16,0.9189642465687252,1.0092316102391579
0,terramind_v1_tiny,bio15,2048,0.30325509804673806,0.46971888273374085
1,terramind_v1_tiny,bio15,2048,0.31334280222173194,0.4663754243949166
2,terramind_v1_tiny,bio15,2048,0.3085844650724926,0.3956295765575821
3,terramind_v1_tiny,bio15,2048,0.31074902811445654,0.4462964491593579
4,terramind_v1_tiny,bio15,2048,0.3271116260759121,0.5322832260070539
0,terramind_v1_small,bio12,256,0.4683128338340529,0.423359330127509
1,terramind_v1_small,bio12,256,0.4659799105656771,0.5887292032932703
2,terramind_v1_small,bio12,256,0.4786457064558212,0.5870121750298938
3,terramind_v1_small,bio12,256,0.4886072565695451,0.3890870604512064
4,terramind_v1_small,bio12,256,0.4907167280041321,0.42098752346541646
0,terramind_v1_large,bio01,1024,0.1543651081653043,0.18301278672002194
1,terramind_v1_large,bio01,1024,0.16159913996163933,0.21381449196512797
2,terramind_v1_large,bio01,1024,0.16103085941695658,0.18354233196242903
3,terramind_v1_large,bio01,1024,0.15490762593964513,0.17803010859935448
4,terramind_v1_large,bio01,1024,0.15997767316984723,0.19725201372034273
0,terramind_v1_tiny,bio15,1024,0.3737569097767858,0.4954509966916672
1,terramind_v1_tiny,bio15,1024,0.3853373514069371,0.49300562981064433
2,terramind_v1_tiny,bio15,1024,0.3898077321854889,0.3850156687451325
3,terramind_v1_tiny,bio15,1024,0.38007639408557525,0.49062602937962696
4,terramind_v1_tiny,bio15,1024,0.401871144535389,0.5716821879310205
0,terramind_v1_small,bio01,8192,0.04233195720740236,0.08584895936119194
1,terramind_v1_small,bio01,8192,0.044729591357031286,0.09569848483541352
2,terramind_v1_small,bio01,8192,0.043833957507024304,0.08493807771209065
3,terramind_v1_small,bio01,8192,0.041407615537863936,0.08989807612816299
4,terramind_v1_small,bio01,8192,0.043781645962765174,0.10069566825858595
0,terramind_v1_base,bio04,32,0.8031480246556103,0.692360360232312
1,terramind_v1_base,bio04,32,0.8176577521377453,0.9502846170048873
2,terramind_v1_base,bio04,32,0.8228860615136319,0.811066178991697
3,terramind_v1_base,bio04,32,0.7988553216043914,0.832371941808321
4,terramind_v1_base,bio04,32,0.8026453739238566,0.8995753285369428
0,terramind_v1_large,bio04,64,0.7383761628050463,0.6437051341925198
1,terramind_v1_large,bio04,64,0.7415127827968686,0.936171976784426
2,terramind_v1_large,bio04,64,0.7517580775769025,0.7578781391062657
3,terramind_v1_large,bio04,64,0.7502924838194452,0.7100259327103172
4,terramind_v1_large,bio04,64,0.7419859773147747,0.8116799212143132
0,terramind_v1_large,bio04,4096,0.07463382867993906,0.12150867569604129
1,terramind_v1_large,bio04,4096,0.07727063822582671,0.15570961063111063
2,terramind_v1_large,bio04,4096,0.07717041086568271,0.12747081901781512
3,terramind_v1_large,bio04,4096,0.07441846936944183,0.13987444324435613
4,terramind_v1_large,bio04,4096,0.07843770547816231,0.12922642449025296
0,terramind_v1_large,bio12,512,0.399129077062589,0.3830573207078184
1,terramind_v1_large,bio12,512,0.40120563994631575,0.5093633359819288
2,terramind_v1_large,bio12,512,0.4031439535731207,0.5480621748652122
3,terramind_v1_large,bio12,512,0.4181123962716876,0.3375057460766815
4,terramind_v1_large,bio12,512,0.4128846137533421,0.4074253728311828
0,terramind_v1_small,bio15,512,0.48541963149217676,0.5454856115727073
1,terramind_v1_small,bio15,512,0.4916630953105402,0.5840431448843405
2,terramind_v1_small,bio15,512,0.49945248507126994,0.4537260985734058
3,terramind_v1_small,bio15,512,0.48676837833621706,0.5788560992322354
4,terramind_v1_small,bio15,512,0.5150285870465928,0.6602392955241675
0,terramind_v1_small,bio01,512,0.20651685810449114,0.21233520189409577
1,terramind_v1_small,bio01,512,0.21300484862848162,0.24543090783652477
2,terramind_v1_small,bio01,512,0.21491332523204404,0.21509240701893323
3,terramind_v1_small,bio01,512,0.20572427305915464,0.21090128677321865
4,terramind_v1_small,bio01,512,0.21124123603470168,0.23915585962425154
0,terramind_v1_small,bio12,512,0.40676074309003724,0.39061342896226847
1,terramind_v1_small,bio12,512,0.406264350808867,0.5279495576443087
2,terramind_v1_small,bio12,512,0.4128562918492938,0.5419617464338554
3,terramind_v1_small,bio12,512,0.43036251388309305,0.3327975137106802
4,terramind_v1_small,bio12,512,0.4281406170393419,0.37672675429192315
0,terramind_v1_large,bio15,512,0.46486902042032174,0.5244078564478681
1,terramind_v1_large,bio15,512,0.4731019153646245,0.536848404848257
2,terramind_v1_large,bio15,512,0.4740560090893351,0.4506492450631844
3,terramind_v1_large,bio15,512,0.4659158392563771,0.5490288966082739
4,terramind_v1_large,bio15,512,0.48903929966989346,0.6465251819516296
0,terramind_v1_small,bio01,128,0.4060986278423053,0.37004006688421115
1,terramind_v1_small,bio01,128,0.4110429365792791,0.46749911595927
2,terramind_v1_small,bio01,128,0.42279340796534604,0.38086251718781994
3,terramind_v1_small,bio01,128,0.39755166272664955,0.4000933344333145
4,terramind_v1_small,bio01,128,0.40566893780276625,0.46681042275368745
0,terramind_v1_large,bio01,32,0.8453735454927612,0.7025310530662687
1,terramind_v1_large,bio01,32,0.8409234077794907,0.9744380125721066
2,terramind_v1_large,bio01,32,0.8527440370171139,0.8428114809481696
3,terramind_v1_large,bio01,32,0.8445468464496703,0.6953908784116142
4,terramind_v1_large,bio01,32,0.8418564665648296,0.9108919987231034
0,terramind_v1_tiny,bio01,1024,0.12265074721967546,0.14073505902611189
1,terramind_v1_tiny,bio01,1024,0.12761563148791896,0.15977568760120253
2,terramind_v1_tiny,bio01,1024,0.1276378741328546,0.14115742710178866
3,terramind_v1_tiny,bio01,1024,0.12060898896485307,0.14895973258515643
4,terramind_v1_tiny,bio01,1024,0.12750792443937672,0.15186904200218015
0,terramind_v1_base,bio04,1024,0.16848255206336976,0.20614872552776606
1,terramind_v1_base,bio04,1024,0.17689264207446956,0.24537443584650415
2,terramind_v1_base,bio04,1024,0.17917925204748192,0.20000470840331414
3,terramind_v1_base,bio04,1024,0.17026906847341802,0.22373340216857293
4,terramind_v1_base,bio04,1024,0.17860724610941073,0.2110182091872046
0,terramind_v1_tiny,bio15,4096,0.23388620502074653,0.4231064949602467
1,terramind_v1_tiny,bio15,4096,0.23777080569378628,0.439475889091087
2,terramind_v1_tiny,bio15,4096,0.23395120050590684,0.35869185725435454
3,terramind_v1_tiny,bio15,4096,0.2351195173381989,0.4341342869169005
4,terramind_v1_tiny,bio15,4096,0.24697309046219004,0.525783067813389
0,terramind_v1_tiny,bio12,4096,0.21098798731389157,0.33001802487586124
1,terramind_v1_tiny,bio12,4096,0.21836734624483298,0.3937204416083867
2,terramind_v1_tiny,bio12,4096,0.20458294971487717,0.46679204948224373
3,terramind_v1_tiny,bio12,4096,0.22631241565429494,0.26965661725182305
4,terramind_v1_tiny,bio12,4096,0.22213569216468163,0.33325595809295877
0,terramind_v1_small,bio15,128,0.6950681200769122,0.6826127364059431
1,terramind_v1_small,bio15,128,0.70308302473272,0.7136226225614096
2,terramind_v1_small,bio15,128,0.7006066710883624,0.6214988463674654
3,terramind_v1_small,bio15,128,0.70794709788311,0.683916827025235
4,terramind_v1_small,bio15,128,0.7195924758349316,0.8993075738960022
0,terramind_v1_base,bio04,8192,0.04654709187682164,0.10371480279220094
1,terramind_v1_base,bio04,8192,0.04840834765134551,0.13226900618639056
2,terramind_v1_base,bio04,8192,0.04832821922190033,0.10256238413720488
3,terramind_v1_base,bio04,8192,0.04587779012316288,0.1223897641154827
4,terramind_v1_base,bio04,8192,0.04931601206861996,0.10684434289728945
0,terramind_v1_base,bio15,1024,0.3636795916088164,0.45234122306832597
1,terramind_v1_base,bio15,1024,0.368803031383934,0.47227814847192123
2,terramind_v1_base,bio15,1024,0.36806977166475763,0.3909060771651583
3,terramind_v1_base,bio15,1024,0.36526610208212723,0.46835435166266975
4,terramind_v1_base,bio15,1024,0.3813510472512957,0.5622493224026466
0,terramind_v1_tiny,bio04,1024,0.16887533895092308,0.21344946702730605
1,terramind_v1_tiny,bio04,1024,0.17605409579777317,0.26343988464219253
2,terramind_v1_tiny,bio04,1024,0.1829953934750405,0.19427349808173458
3,terramind_v1_tiny,bio04,1024,0.16959775989117803,0.24076602579522083
4,terramind_v1_tiny,bio04,1024,0.1818223113752197,0.1973655583450747
0,terramind_v1_tiny,bio15,64,0.737926375843656,0.6687380153993612
1,terramind_v1_tiny,bio15,64,0.7547283478622792,0.6669997538092516
2,terramind_v1_tiny,bio15,64,0.7495710809288165,0.5938219506907386
3,terramind_v1_tiny,bio15,64,0.7448943223813107,0.6873249455735986
4,terramind_v1_tiny,bio15,64,0.7579199312953533,0.9075066959030843
0,terramind_v1_large,bio12,32,0.8355532706968445,0.6720164682776988
1,terramind_v1_large,bio12,32,0.8232220125616043,0.9935479032669272
2,terramind_v1_large,bio12,32,0.832855376272587,1.0466154574222475
3,terramind_v1_large,bio12,32,0.8433779355504105,0.7237574421237554
4,terramind_v1_large,bio12,32,0.838260949698641,0.8252348470841567
0,terramind_v1_base,bio01,128,0.42938316076089533,0.4143594615607764
1,terramind_v1_base,bio01,128,0.4365638433790206,0.5285545303477032
2,terramind_v1_base,bio01,128,0.4503540790966202,0.43490740776005227
3,terramind_v1_base,bio01,128,0.4239690764299371,0.4385355983729628
4,terramind_v1_base,bio01,128,0.4354204743072445,0.5106814496160222
0,terramind_v1_large,bio12,4096,0.18985681716730474,0.30633779788102866
1,terramind_v1_large,bio12,4096,0.19708580082218338,0.36825474399096814
2,terramind_v1_large,bio12,4096,0.1822289487108806,0.44602992509466816
3,terramind_v1_large,bio12,4096,0.20389154137216461,0.25819018641739505
4,terramind_v1_large,bio12,4096,0.2002001347862807,0.31027917503395963
0,terramind_v1_base,bio01,8192,0.031872609422250626,0.06845558568796875
1,terramind_v1_base,bio01,8192,0.03347341790814646,0.0772039139515644
2,terramind_v1_base,bio01,8192,0.0326311256915969,0.0685688802094104
3,terramind_v1_base,bio01,8192,0.03144481961264546,0.06976068315927335
4,terramind_v1_base,bio01,8192,0.032615641200228036,0.08288056155623907
0,terramind_v1_small,bio15,16,0.9220756935203308,0.7727804266844911
1,terramind_v1_small,bio15,16,0.9300922736535111,0.8168652661661963
2,terramind_v1_small,bio15,16,0.9307417076251265,0.6992630288890589
3,terramind_v1_small,bio15,16,0.9220044310946522,0.8364960740441703
4,terramind_v1_small,bio15,16,0.9231582980613494,1.1587639578230176
0,terramind_v1_tiny,bio12,32,0.7918398979078747,0.6203463398882944
1,terramind_v1_tiny,bio12,32,0.7821724589637633,0.9091452653993846
2,terramind_v1_tiny,bio12,32,0.789192022462206,0.9644315171573254
3,terramind_v1_tiny,bio12,32,0.8069934350101129,0.6426989535032993
4,terramind_v1_tiny,bio12,32,0.8000358799131139,0.7572626090401539
0,terramind_v1_base,bio01,512,0.20070335591568797,0.21399722621913875
1,terramind_v1_base,bio01,512,0.20837773464850234,0.24389092333559187
2,terramind_v1_base,bio01,512,0.20489979739571948,0.22620157455294101
3,terramind_v1_base,bio01,512,0.20018428501181973,0.21425410158354477
4,terramind_v1_base,bio01,512,0.20710111444653764,0.2378784403329946
0,terramind_v1_base,bio12,256,0.4911460752836791,0.4303196919772933
1,terramind_v1_base,bio12,256,0.4917645438303758,0.585173386107327
2,terramind_v1_base,bio12,256,0.4948210252116661,0.6282203551057103
3,terramind_v1_base,bio12,256,0.514052188588801,0.3828970472872103
4,terramind_v1_base,bio12,256,0.5101985289668126,0.439859481445287
0,terramind_v1_base,bio12,64,0.677340112736183,0.575127047531294
1,terramind_v1_base,bio12,64,0.681836124675377,0.7683573891381829
2,terramind_v1_base,bio12,64,0.6953369523215202,0.7986593876701185
3,terramind_v1_base,bio12,64,0.697710347985435,0.5645903797302385
4,terramind_v1_base,bio12,64,0.6931768655078618,0.636190990482726
0,terramind_v1_base,bio01,1024,0.13412050638337647,0.158219428148928
1,terramind_v1_base,bio01,1024,0.14025411475145197,0.17880096623292743
2,terramind_v1_base,bio01,1024,0.13854891858280668,0.160769621039733
3,terramind_v1_base,bio01,1024,0.13369067945964386,0.15744540422262174
4,terramind_v1_base,bio01,1024,0.13736091776478054,0.1850656689438872
0,terramind_v1_large,bio04,2048,0.11783956773661468,0.16143152966972266
1,terramind_v1_large,bio04,2048,0.12329185174143849,0.20042744870822304
2,terramind_v1_large,bio04,2048,0.12332781298496885,0.16359075954614966
3,terramind_v1_large,bio04,2048,0.11886600328339081,0.17780072971920916
4,terramind_v1_large,bio04,2048,0.12438664417794014,0.1665405863934349
0,terramind_v1_tiny,bio15,128,0.6807512803637434,0.6536425871133926
1,terramind_v1_tiny,bio15,128,0.6807141633488839,0.7206506781386998
2,terramind_v1_tiny,bio15,128,0.7084285542492587,0.5267294768572764
3,terramind_v1_tiny,bio15,128,0.6842404734775258,0.6875651332109517
4,terramind_v1_tiny,bio15,128,0.6942502008964239,0.9152485330642051
0,terramind_v1_small,bio12,4096,0.20818903355286278,0.3335134434536286
1,terramind_v1_small,bio12,4096,0.21504487495323873,0.3878086402267822
2,terramind_v1_small,bio12,4096,0.20312507641820635,0.4550338339283404
3,terramind_v1_small,bio12,4096,0.22370764204051005,0.27609080204794006
4,terramind_v1_small,bio12,4096,0.2210773850132743,0.32211925525932156
0,terramind_v1_tiny,bio01,256,0.2620628434911024,0.25285691165338336
1,terramind_v1_tiny,bio01,256,0.2685817926156496,0.3064313235621794
2,terramind_v1_tiny,bio01,256,0.2739670619679864,0.2517241140676648
3,terramind_v1_tiny,bio01,256,0.26199506827354324,0.24926730612822592
4,terramind_v1_tiny,bio01,256,0.26785239107262493,0.29643204188961525
0,terramind_v1_small,bio01,16,0.8803161939292373,0.6943169170921973
1,terramind_v1_small,bio01,16,0.8663272477365824,1.0016098110812233
2,terramind_v1_small,bio01,16,0.8751020482478672,0.8741866197801673
3,terramind_v1_small,bio01,16,0.872696015049528,0.7296296875139521
4,terramind_v1_small,bio01,16,0.8597814066183939,0.9671634419639431
0,terramind_v1_large,bio04,16,0.8695563463077096,0.7129684737253135
1,terramind_v1_large,bio04,16,0.8685919332994508,1.0556647714308816
2,terramind_v1_large,bio04,16,0.8889527320542439,0.8653468077719413
3,terramind_v1_large,bio04,16,0.8671918021584387,0.8588962572378998
4,terramind_v1_large,bio04,16,0.8686819890417946,0.9291626445764486
0,terramind_v1_small,bio12,64,0.6999079511491931,0.6148503990647509
1,terramind_v1_small,bio12,64,0.7048155565743102,0.8203223159373303
2,terramind_v1_small,bio12,64,0.709989732085515,0.8693486326522987
3,terramind_v1_small,bio12,64,0.7221602003966262,0.6133156890191664
4,terramind_v1_small,bio12,64,0.7284011443315297,0.6367493273072033
0,terramind_v1_small,bio15,256,0.5975960264357963,0.6111412295205862
1,terramind_v1_small,bio15,256,0.6053318323358942,0.644074765512824
2,terramind_v1_small,bio15,256,0.6119036400120526,0.5267597700752699
3,terramind_v1_small,bio15,256,0.6025787021508333,0.6321900227931249
4,terramind_v1_small,bio15,256,0.6214938013142886,0.7997162725603315
0,terramind_v1_tiny,bio01,2048,0.08366929337407696,0.1138415626429555
1,terramind_v1_tiny,bio01,2048,0.08853964942467267,0.12084084151411084
2,terramind_v1_tiny,bio01,2048,0.08804694799497809,0.10750695900427991
3,terramind_v1_tiny,bio01,2048,0.08248748243062057,0.11966835721914122
4,terramind_v1_tiny,bio01,2048,0.08793697942298509,0.12013507136462484
0,terramind_v1_tiny,bio15,16,0.8916435324671985,0.8057697633425481
1,terramind_v1_tiny,bio15,16,0.9141575998549415,0.7880722044167654
2,terramind_v1_tiny,bio15,16,0.9157766796364135,0.6699378372958442
3,terramind_v1_tiny,bio15,16,0.9068414045320904,0.8093743759524644
4,terramind_v1_tiny,bio15,16,0.9213101729262569,1.0627237071183528
0,terramind_v1_base,bio12,32,0.8677184805970352,0.7399547382563295
1,terramind_v1_base,bio12,32,0.8768146909772312,0.9654184507966036
2,terramind_v1_base,bio12,32,0.87222737815733,1.0873543267806307
3,terramind_v1_base,bio12,32,0.8712107202501798,0.8046985342155132
4,terramind_v1_base,bio12,32,0.8849518798961076,0.8282751372669958
0,terramind_v1_tiny,bio12,1024,0.3197236606794723,0.3556775466143901
1,terramind_v1_tiny,bio12,1024,0.32526398209361146,0.45812294176929247
2,terramind_v1_tiny,bio12,1024,0.32367322276564886,0.48673266172423507
3,terramind_v1_tiny,bio12,1024,0.3419711976549581,0.2913065786059165
4,terramind_v1_tiny,bio12,1024,0.3406579415101644,0.3340167450500448
0,terramind_v1_base,bio01,2048,0.0818859999040321,0.10675743611939974
1,terramind_v1_base,bio01,2048,0.08505850231723495,0.1258991959355564
2,terramind_v1_base,bio01,2048,0.08411571046996978,0.10854409924413479
3,terramind_v1_base,bio01,2048,0.08040363631633057,0.11246659660549198
4,terramind_v1_base,bio01,2048,0.0840999578299221,0.12174767948367324
0,terramind_v1_small,bio04,512,0.2648874190065137,0.26965906992262095
1,terramind_v1_small,bio04,512,0.27207751301197575,0.3523548460571127
2,terramind_v1_small,bio04,512,0.27744919604421114,0.2856772226209756
3,terramind_v1_small,bio04,512,0.2669531755646753,0.30419437656823706
4,terramind_v1_small,bio04,512,0.2779974537019866,0.2818851277021801
0,terramind_v1_large,bio04,512,0.27260164617816,0.2724459319206207
1,terramind_v1_large,bio04,512,0.28137834020299834,0.35977338172085577
2,terramind_v1_large,bio04,512,0.28177589061887875,0.3079925678362629
3,terramind_v1_large,bio04,512,0.27105128168137066,0.3202989837461715
4,terramind_v1_large,bio04,512,0.2833438119840426,0.29597293923932116
0,terramind_v1_large,bio01,128,0.4696095746329611,0.39256175108055724
1,terramind_v1_large,bio01,128,0.4627067853082426,0.5641765127988086
2,terramind_v1_large,bio01,128,0.47303140418820805,0.47105204453838234
3,terramind_v1_large,bio01,128,0.4670303698466781,0.3968767265586858
4,terramind_v1_large,bio01,128,0.47096008054622757,0.4959057034587036
0,terramind_v1_base,bio15,2048,0.2702049948254611,0.3958422514726669
1,terramind_v1_base,bio15,2048,0.27239655511671584,0.4275221626400545
2,terramind_v1_base,bio15,2048,0.26923676884586645,0.36766601185606107
3,terramind_v1_base,bio15,2048,0.2709599211711291,0.4137727128992618
4,terramind_v1_base,bio15,2048,0.2843293025197143,0.5028241597669402
0,terramind_v1_tiny,bio01,64,0.5258272801917799,0.4468844385067118
1,terramind_v1_tiny,bio01,64,0.5301256057360455,0.5710196925061174
2,terramind_v1_tiny,bio01,64,0.5345357895590434,0.5105736777137525
3,terramind_v1_tiny,bio01,64,0.522218342138112,0.46017242599416325
4,terramind_v1_tiny,bio01,64,0.5244406630871581,0.5643931305485588
0,terramind_v1_tiny,bio12,256,0.45238999415547215,0.40455585423915186
1,terramind_v1_tiny,bio12,256,0.45397005978642474,0.5428494261314666
2,terramind_v1_tiny,bio12,256,0.4565049188356175,0.5824063133025852
3,terramind_v1_tiny,bio12,256,0.4711873337062131,0.36742162793399347
4,terramind_v1_tiny,bio12,256,0.4720080017699598,0.4111617661188634
0,terramind_v1_large,bio01,8192,0.03296468408631569,0.06483661663565304
1,terramind_v1_large,bio01,8192,0.03426003573081108,0.0764520068505474
2,terramind_v1_large,bio01,8192,0.03304492862818954,0.06974141420705124
3,terramind_v1_large,bio01,8192,0.03240559403377042,0.06737670202040644
4,terramind_v1_large,bio01,8192,0.03390901252033026,0.07591908134376613
0,terramind_v1_small,bio04,4096,0.0952374054651013,0.16502219517093047
1,terramind_v1_small,bio04,4096,0.10120216521932059,0.1934711607385043
2,terramind_v1_small,bio04,4096,0.0997325962175156,0.16521248616989434
3,terramind_v1_small,bio04,4096,0.09577329292434301,0.1840959694978038
4,terramind_v1_small,bio04,4096,0.10365341905440323,0.15251400061241818
0,terramind_v1_base,bio15,32,0.8809079484175736,0.7802517084522639
1,terramind_v1_base,bio15,32,0.8946721432161339,0.7967017954664894
2,terramind_v1_base,bio15,32,0.892716207287661,0.6959162999077662
3,terramind_v1_base,bio15,32,0.8789441900770125,0.8480589476799403
4,terramind_v1_base,bio15,32,0.8866555003389311,1.1387759863478295
0,terramind_v1_small,bio01,4096,0.06455107610791569,0.1056322862129707
1,terramind_v1_small,bio01,4096,0.06780198956349033,0.11771661082217329
2,terramind_v1_small,bio01,4096,0.06652708933299041,0.10600347088339881
3,terramind_v1_small,bio01,4096,0.06401252763240571,0.10801961591122587
4,terramind_v1_small,bio01,4096,0.0673354237707564,0.11492059822146805
0,terramind_v1_small,bio04,128,0.47198182949407164,0.43787025173435423
1,terramind_v1_small,bio04,128,0.47921760695992954,0.599551349940609
2,terramind_v1_small,bio04,128,0.49790068501476514,0.4603603832059347
3,terramind_v1_small,bio04,128,0.47387657566664215,0.4981523101933008
4,terramind_v1_small,bio04,128,0.4828972315302267,0.5138034656310324
0,terramind_v1_small,bio04,2048,0.13557428915187017,0.19180046429192477
1,terramind_v1_small,bio04,2048,0.14272224623906668,0.22859691115450018
2,terramind_v1_small,bio04,2048,0.1438874450367401,0.18290949266836887
3,terramind_v1_small,bio04,2048,0.138009386755334,0.2006168265470487
4,terramind_v1_small,bio04,2048,0.14465475270786907,0.18609432840844733
0,terramind_v1_tiny,bio04,32,0.7477036229694364,0.6667613846463872
1,terramind_v1_tiny,bio04,32,0.7612161822822422,0.9156894004659446
2,terramind_v1_tiny,bio04,32,0.7751280700777503,0.7336353125623637
3,terramind_v1_tiny,bio04,32,0.7536596837311798,0.7441626643685165
4,terramind_v1_tiny,bio04,32,0.7657994468738308,0.7874188786709606
0,terramind_v1_base,bio04,256,0.3638057400586093,0.36815879693089976
1,terramind_v1_base,bio04,256,0.37082801950290234,0.49328908312678604
2,terramind_v1_base,bio04,256,0.37631679116132344,0.39966560111652055
3,terramind_v1_base,bio04,256,0.36584216105195005,0.40396073577650377
4,terramind_v1_base,bio04,256,0.3809287991468068,0.39709922653938023
0,terramind_v1_tiny,bio15,512,0.4638223241661686,0.5234369236028021
1,terramind_v1_tiny,bio15,512,0.4715245929487646,0.538490164808286
2,terramind_v1_tiny,bio15,512,0.47926579676414566,0.4225971907070107
3,terramind_v1_tiny,bio15,512,0.4717199403626812,0.5158081441844427
4,terramind_v1_tiny,bio15,512,0.4888956759859814,0.6529443342610428
0,terramind_v1_base,bio01,16,0.8176804624669448,0.6841518110398406
1,terramind_v1_base,bio01,16,0.8263293092007995,0.8898669391358945
2,terramind_v1_base,bio01,16,0.8134052339957278,0.8586806389317817
3,terramind_v1_base,bio01,16,0.8186951843516412,0.6817255733278652
4,terramind_v1_base,bio01,16,0.8094287374440973,0.8963104149421132
0,terramind_v1_small,bio15,2048,0.30784126261824984,0.4725929004694625
1,terramind_v1_small,bio15,2048,0.3178374690533874,0.47936419967103305
2,terramind_v1_small,bio15,2048,0.314476269458019,0.3976358461874052
3,terramind_v1_small,bio15,2048,0.3140559625846729,0.46941365881567826
4,terramind_v1_small,bio15,2048,0.33257035259040957,0.5430278574206587
0,terramind_v1_base,bio04,512,0.2508184934891151,0.2524270006812086
1,terramind_v1_base,bio04,512,0.25700808292279176,0.3350392685359214
2,terramind_v1_base,bio04,512,0.25751515214741416,0.2792509813563734
3,terramind_v1_base,bio04,512,0.2535663963907963,0.2816125438940436
4,terramind_v1_base,bio04,512,0.26059330658359015,0.2760467054931884
0,terramind_v1_small,bio04,1024,0.19346016441835112,0.22996180820672504
1,terramind_v1_small,bio04,1024,0.20236178164178514,0.280536931846337
2,terramind_v1_small,bio04,1024,0.20350212753023697,0.2316242712326557
3,terramind_v1_small,bio04,1024,0.19574099160750869,0.2541166462999934
4,terramind_v1_small,bio04,1024,0.2070030031207347,0.21960591360646714
0,terramind_v1_small,bio04,256,0.37533733388013274,0.3846858864610993
1,terramind_v1_small,bio04,256,0.39157724171554453,0.47461950653977336
2,terramind_v1_small,bio04,256,0.39771517235306825,0.37922122088015364
3,terramind_v1_small,bio04,256,0.3804505617545449,0.4209928803965362
4,terramind_v1_small,bio04,256,0.39454155066766017,0.40756714124689364
0,terramind_v1_base,bio12,4096,0.1878161139257352,0.3210753060827432
1,terramind_v1_base,bio12,4096,0.19664610262807142,0.3594459632712171
2,terramind_v1_base,bio12,4096,0.1837551725844418,0.4497354477269535
3,terramind_v1_base,bio12,4096,0.20268580485382057,0.2614680461323581
4,terramind_v1_base,bio12,4096,0.19860801364548472,0.3272881190651612
0,terramind_v1_large,bio04,128,0.506114038469567,0.42444433132385867
1,terramind_v1_large,bio04,128,0.5027718840373852,0.6569074875068525
2,terramind_v1_large,bio04,128,0.5254347743576613,0.4791606906292411
3,terramind_v1_large,bio04,128,0.5032495701068141,0.5136504617188479
4,terramind_v1_large,bio04,128,0.517622626319739,0.5044040118574836
0,terramind_v1_small,bio01,1024,0.14373638745752146,0.15782148744746136
1,terramind_v1_small,bio01,1024,0.14836368920067436,0.1854363567352861
2,terramind_v1_small,bio01,1024,0.14692573562904385,0.1686829528995454
3,terramind_v1_small,bio01,1024,0.14311729554515856,0.16126421318822012
4,terramind_v1_small,bio01,1024,0.14748784210029534,0.1810997948501586
0,terramind_v1_tiny,bio01,32,0.7214824784339597,0.6433469474196682
1,terramind_v1_tiny,bio01,32,0.7353991622957224,0.8092882216352686
2,terramind_v1_tiny,bio01,32,0.7473548316110897,0.678034625022611
3,terramind_v1_tiny,bio01,32,0.7171904069433536,0.6466251660596224
4,terramind_v1_tiny,bio01,32,0.7278040254786684,0.7912601488334227
0,terramind_v1_tiny,bio04,64,0.5517329574012476,0.4880847677935062
1,terramind_v1_tiny,bio04,64,0.5566967490276812,0.676225590391344
2,terramind_v1_tiny,bio04,64,0.579585498927067,0.5217107859506098
3,terramind_v1_tiny,bio04,64,0.5524549100162376,0.5702355233198869
4,terramind_v1_tiny,bio04,64,0.5647901200002945,0.552812767178814
0,terramind_v1_tiny,bio12,128,0.5479562336825287,0.4424973313988199
1,terramind_v1_tiny,bio12,128,0.5353276037351683,0.6626477261118563
2,terramind_v1_tiny,bio12,128,0.55327573186036,0.6552584981764284
3,terramind_v1_tiny,bio12,128,0.5652365635990223,0.42658841564145333
4,terramind_v1_tiny,bio12,128,0.5650983361056824,0.4712627448803233
0,terramind_v1_large,bio01,4096,0.05443705940718303,0.08876008428178524
1,terramind_v1_large,bio01,4096,0.05702044926364043,0.09986840494392323
2,terramind_v1_large,bio01,4096,0.055513192887906744,0.0897145438395546
3,terramind_v1_large,bio01,4096,0.053988219516601973,0.08947427502157991
4,terramind_v1_large,bio01,4096,0.055918017593699076,0.09944746047608764
0,terramind_v1_large,bio15,32,0.9248724193441612,0.7884445281701844
1,terramind_v1_large,bio15,32,0.9367360286675308,0.8202710093928234
2,terramind_v1_large,bio15,32,0.9262982906034452,0.7451010115936507
3,terramind_v1_large,bio15,32,0.9335999251723196,0.8205195790734614
4,terramind_v1_large,bio15,32,0.9281600856242574,1.1778942421223684
0,terramind_v1_small,bio15,8192,0.171630247029043,0.4144923889463358
1,terramind_v1_small,bio15,8192,0.1743097283009074,0.4389445101005749
2,terramind_v1_small,bio15,8192,0.17176264152250387,0.35223927108757025
3,terramind_v1_small,bio15,8192,0.17737180677272577,0.38917253459550777
4,terramind_v1_small,bio15,8192,0.18423247175935578,0.4949691917415873
0,terramind_v1_base,bio15,256,0.597129263697124,0.590602452207655
1,terramind_v1_base,bio15,256,0.6055475557396859,0.6251945419998862
2,terramind_v1_base,bio15,256,0.593021244589178,0.5868719975956576
3,terramind_v1_base,bio15,256,0.6009572123688997,0.6200489576331079
4,terramind_v1_base,bio15,256,0.6174560689828793,0.7963109032100283
0,terramind_v1_large,bio01,16,0.8676702656822602,0.7024972168815845
1,terramind_v1_large,bio01,16,0.8668700489835086,0.9488329406754097
2,terramind_v1_large,bio01,16,0.8855765386109499,0.8115224461118229
3,terramind_v1_large,bio01,16,0.8599205810787036,0.7273776214710898
4,terramind_v1_large,bio01,16,0.8599942981548044,0.9115797206624284
0,terramind_v1_base,bio15,8192,0.13487495194628296,0.3553161300178082
1,terramind_v1_base,bio15,8192,0.1359170945521281,0.3854210757050489
2,terramind_v1_base,bio15,8192,0.13342146541392935,0.3140091522953147
3,terramind_v1_base,bio15,8192,0.1377416668805473,0.359692089443239
4,terramind_v1_base,bio15,8192,0.14495844795276688,0.423329293742958
0,terramind_v1_base,bio12,2048,0.24768593268623823,0.3392619401769494
1,terramind_v1_base,bio12,2048,0.25463184787726817,0.40959537251116646
2,terramind_v1_base,bio12,2048,0.244045172229661,0.46696876012315514
3,terramind_v1_base,bio12,2048,0.26602840491903607,0.27073861000793964
4,terramind_v1_base,bio12,2048,0.262025542131992,0.3308777059044968
0,terramind_v1_large,bio15,2048,0.28034455001151926,0.43650179144410944
1,terramind_v1_large,bio15,2048,0.2841065582371796,0.4614518296119585
2,terramind_v1_large,bio15,2048,0.28282322559897544,0.3841978957811684
3,terramind_v1_large,bio15,2048,0.28517726213263894,0.4286346069787213
4,terramind_v1_large,bio15,2048,0.29712285564164614,0.5432752335086287
0,terramind_v1_base,bio04,128,0.49801417566184564,0.5102946848946733
1,terramind_v1_base,bio04,128,0.509374203651973,0.6809716444234405
2,terramind_v1_base,bio04,128,0.5247790129989051,0.5334920099338973
3,terramind_v1_base,bio04,128,0.5054439212737115,0.5605964854031985
4,terramind_v1_base,bio04,128,0.5225224715270241,0.5553992911498455
0,terramind_v1_tiny,bio15,32,0.8774829748454498,0.7551496544618661
1,terramind_v1_tiny,bio15,32,0.885525927129177,0.8073989086752477
2,terramind_v1_tiny,bio15,32,0.887953983549152,0.6863630241430453
3,terramind_v1_tiny,bio15,32,0.8834529684836709,0.8046331355186003
4,terramind_v1_tiny,bio15,32,0.8850464729729725,1.118036458545675
0,terramind_v1_large,bio15,4096,0.19303550318122922,0.3698022455000776
1,terramind_v1_large,bio15,4096,0.19452155684303227,0.39771990650307826
2,terramind_v1_large,bio15,4096,0.19387105541767577,0.31134449936182523
3,terramind_v1_large,bio15,4096,0.19533355854677462,0.3689289413062011
4,terramind_v1_large,bio15,4096,0.20566331225078158,0.4555216166976484
0,terramind_v1_base,bio01,32,0.7077158174895414,0.6113975646978108
1,terramind_v1_base,bio01,32,0.7184915203023516,0.7808977797722884
2,terramind_v1_base,bio01,32,0.7267852383291769,0.6784697694563531
3,terramind_v1_base,bio01,32,0.700045961890697,0.6420202875424239
4,terramind_v1_base,bio01,32,0.6947432218545134,0.8366047931023141
0,terramind_v1_large,bio15,64,0.8204148472495574,0.7194775923128536
1,terramind_v1_large,bio15,64,0.830401210322835,0.7501634768003924
2,terramind_v1_large,bio15,64,0.8394722918913143,0.6193962087532242
3,terramind_v1_large,bio15,64,0.8191411606929498,0.7874543889822438
4,terramind_v1_large,bio15,64,0.8361514521140133,1.0102104307040598
0,terramind_v1_large,bio12,64,0.6942363015157622,0.5615814571863933
1,terramind_v1_large,bio12,64,0.692823957035029,0.7802967123951197
2,terramind_v1_large,bio12,64,0.6954404300580089,0.8507662940419267
3,terramind_v1_large,bio12,64,0.7037854076802248,0.5869697733608903
4,terramind_v1_large,bio12,64,0.7023826461651497,0.659882917725957
0,terramind_v1_large,bio15,1024,0.3701604737332113,0.45539189474706676
1,terramind_v1_large,bio15,1024,0.37387599678311306,0.48873478184201863
2,terramind_v1_large,bio15,1024,0.37704415245290057,0.40403310286900446
3,terramind_v1_large,bio15,1024,0.37143716442674124,0.48206489203682046
4,terramind_v1_large,bio15,1024,0.3876473342378635,0.5882534445553718
0,terramind_v1_tiny,bio04,256,0.3277764580603865,0.3300950194520584
1,terramind_v1_tiny,bio04,256,0.3381937344412131,0.4293089275996084
2,terramind_v1_tiny,bio04,256,0.3486376211139984,0.32759252188383214
3,terramind_v1_tiny,bio04,256,0.33302861086326496,0.3546702721476194
4,terramind_v1_tiny,bio04,256,0.34239792396689656,0.3567750835956782
0,terramind_v1_large,bio15,16,0.9596323023705938,0.7699304410750207
1,terramind_v1_large,bio15,16,0.9631146641951409,0.8420670433992757
2,terramind_v1_large,bio15,16,0.95993822087826,0.7409702502103389
3,terramind_v1_large,bio15,16,0.9603506599164497,0.8394978545821669
4,terramind_v1_large,bio15,16,0.9562368223172621,1.2028045270443946
0,terramind_v1_large,bio12,1024,0.3134017280780445,0.3339894337419507
1,terramind_v1_large,bio12,1024,0.31527965188084023,0.44731500532227425
2,terramind_v1_large,bio12,1024,0.3144250108955077,0.46993047279104116
3,terramind_v1_large,bio12,1024,0.32936613645942214,0.299840682816584
4,terramind_v1_large,bio12,1024,0.32948929186837655,0.32571560092371493
0,terramind_v1_large,bio01,2048,0.08982188805725554,0.12275830233872093
1,terramind_v1_large,bio01,2048,0.09405710550685395,0.13690074929380275
2,terramind_v1_large,bio01,2048,0.09279004037970877,0.12204118339598871
3,terramind_v1_large,bio01,2048,0.09002841487133983,0.12098281850015456
4,terramind_v1_large,bio01,2048,0.09229296867376238,0.13877494706923502
0,terramind_v1_base,bio01,256,0.3179761525209004,0.30757686523874916
1,terramind_v1_base,bio01,256,0.32524768990117675,0.38020878354238113
2,terramind_v1_base,bio01,256,0.32328898429546493,0.3426200658203393
3,terramind_v1_base,bio01,256,0.3110964484716756,0.3288194761545408
4,terramind_v1_base,bio01,256,0.3229652600377437,0.3646075445104916
0,terramind_v1_small,bio15,32,0.8552118700852898,0.795542645566999
1,terramind_v1_small,bio15,32,0.8725919812142399,0.7945671197142895
2,terramind_v1_small,bio15,32,0.8732964760150812,0.6837642559969449
3,terramind_v1_small,bio15,32,0.8637180973617328,0.8228152541489556
4,terramind_v1_small,bio15,32,0.8860377442511445,1.0368952827830729
0,terramind_v1_tiny,bio04,4096,0.08950374115992822,0.15526757637272454
1,terramind_v1_tiny,bio04,4096,0.09472436331220803,0.1837722591945588
2,terramind_v1_tiny,bio04,4096,0.09610621800536302,0.14247948045702688
3,terramind_v1_tiny,bio04,4096,0.09125133651081543,0.16688347116059857
4,terramind_v1_tiny,bio04,4096,0.09790569031341587,0.13811706994356368
0,terramind_v1_small,bio01,32,0.7076421559580787,0.5944117889426362
1,terramind_v1_small,bio01,32,0.7210668404900519,0.753853580139609
2,terramind_v1_small,bio01,32,0.7124697694817699,0.7207352447836861
3,terramind_v1_small,bio01,32,0.7006717082649134,0.6281190800497666
4,terramind_v1_small,bio01,32,0.7128043549689889,0.7091638010260609
0,terramind_v1_small,bio01,64,0.6636225457253309,0.5734997671122972
1,terramind_v1_small,bio01,64,0.6742437385093893,0.721890443826895
2,terramind_v1_small,bio01,64,0.6763770891696957,0.6484510422112968
3,terramind_v1_small,bio01,64,0.6510180214835125,0.6146215347654761
4,terramind_v1_small,bio01,64,0.6620917171728549,0.7079381398543068
0,terramind_v1_tiny,bio15,8192,0.15845837569927582,0.4431955955412063
1,terramind_v1_tiny,bio15,8192,0.16070262473270386,0.4793221646069019
2,terramind_v1_tiny,bio15,8192,0.15807712025920403,0.37667487311032233
3,terramind_v1_tiny,bio15,8192,0.16209889395094343,0.4324482288440742
4,terramind_v1_tiny,bio15,8192,0.17086960247888205,0.5103218574630881
0,terramind_v1_tiny,bio04,2048,0.12483525541425655,0.175155307432115
1,terramind_v1_tiny,bio04,2048,0.1309062188070315,0.2124663183248454
2,terramind_v1_tiny,bio04,2048,0.1328906144836977,0.168384070421889
3,terramind_v1_tiny,bio04,2048,0.12610674320283405,0.19442167822291442
4,terramind_v1_tiny,bio04,2048,0.13403025932637094,0.16952148928377886
0,terramind_v1_large,bio12,256,0.48810019053993176,0.4464099546141047
1,terramind_v1_large,bio12,256,0.49152399397869956,0.5881198437559252
2,terramind_v1_large,bio12,256,0.4978361446991434,0.6183193236851128
3,terramind_v1_large,bio12,256,0.5070437341896349,0.4189368931851485
4,terramind_v1_large,bio12,256,0.5091894360010295,0.44297198448691594
0,terramind_v1_large,bio12,2048,0.2529511801984943,0.3194184701244781
1,terramind_v1_large,bio12,2048,0.25754672483243174,0.40833899661728895
2,terramind_v1_large,bio12,2048,0.24607723549271887,0.46573723116552584
3,terramind_v1_large,bio12,2048,0.26913303848932246,0.2689998239005973
4,terramind_v1_large,bio12,2048,0.26301686107799027,0.33332984956658057
0,terramind_v1_small,bio01,2048,0.09562593382081783,0.1259186566395239
1,terramind_v1_small,bio01,2048,0.09879081244330555,0.14881840474151067
2,terramind_v1_small,bio01,2048,0.09934546533414465,0.1239595306688837
3,terramind_v1_small,bio01,2048,0.09450191247176316,0.12880012504678082
4,terramind_v1_small,bio01,2048,0.09785435204342001,0.14592744384066003
0,terramind_v1_base,bio04,16,0.8506539848873158,0.6835070794044534
1,terramind_v1_base,bio04,16,0.8598015971717242,0.9855602340706212
2,terramind_v1_base,bio04,16,0.8472997467120214,0.9097694379314818
3,terramind_v1_base,bio04,16,0.8506114519342928,0.8255481311580675
4,terramind_v1_base,bio04,16,0.8403389905060497,0.9471318024586107
0,terramind_v1_base,bio01,64,0.614277672265945,0.5094865444013117
1,terramind_v1_base,bio01,64,0.6192203670667308,0.6894075081373008
2,terramind_v1_base,bio01,64,0.6189364834817634,0.6012535428502614
3,terramind_v1_base,bio01,64,0.6070126333060331,0.545942317288081
4,terramind_v1_base,bio01,64,0.6100331334584919,0.6931790524217947
0,terramind_v1_base,bio15,16,0.90865955104411,0.8052311563115756
1,terramind_v1_base,bio15,16,0.9220081899662866,0.8186594294232928
2,terramind_v1_base,bio15,16,0.9260309510203157,0.6982316462462168
3,terramind_v1_base,bio15,16,0.9170173289144512,0.8356427832467132
4,terramind_v1_base,bio15,16,0.92573162857354,1.1257801953633848
0,terramind_v1_small,bio04,64,0.7098715522990033,0.648171613948184
1,terramind_v1_small,bio04,64,0.7275566785930525,0.8582219623605747
2,terramind_v1_small,bio04,64,0.7483380299724521,0.6845363713316447
3,terramind_v1_small,bio04,64,0.7152271923239919,0.7328563094990307
4,terramind_v1_small,bio04,64,0.7237551303459715,0.7481194272693567
0,terramind_v1_large,bio01,512,0.23479271757819994,0.24419329611306023
1,terramind_v1_large,bio01,512,0.24413762708605774,0.27974085119105796
2,terramind_v1_large,bio01,512,0.24050839649533234,0.2646700920542653
3,terramind_v1_large,bio01,512,0.23296660656660179,0.24276751889745476
4,terramind_v1_large,bio01,512,0.23622457931495525,0.2937839404196145
0,terramind_v1_small,bio12,32,0.6992220456837568,0.5750913241765772
1,terramind_v1_small,bio12,32,0.7020026914674391,0.7785596189973129
2,terramind_v1_small,bio12,32,0.7169127387689777,0.8120548526734894
3,terramind_v1_small,bio12,32,0.7153784266127136,0.5881808322772657
4,terramind_v1_small,bio12,32,0.7201520384931088,0.6113513248850084
0,terramind_v1_small,bio12,2048,0.27064352499661354,0.34326682395696845
1,terramind_v1_small,bio12,2048,0.2750071867352878,0.4367565438697904
2,terramind_v1_small,bio12,2048,0.2673240273260448,0.47645981845284313
3,terramind_v1_small,bio12,2048,0.28924045906957735,0.2860039562235895
4,terramind_v1_small,bio12,2048,0.28619259050295337,0.3349905961274447
0,terramind_v1_large,bio04,1024,0.19256144259176178,0.23282848365391695
1,terramind_v1_large,bio04,1024,0.19964485741597604,0.3133668251737576
2,terramind_v1_large,bio04,1024,0.2039029881755577,0.23364450389549193
3,terramind_v1_large,bio04,1024,0.19655050900700216,0.2462655719073724
4,terramind_v1_large,bio04,1024,0.20441998635792033,0.23670340228345327
0,terramind_v1_tiny,bio15,256,0.5434896145257232,0.5993388384084503
1,terramind_v1_tiny,bio15,256,0.5600073760157858,0.5778624333223726
2,terramind_v1_tiny,bio15,256,0.5636505378291222,0.4876113239573404
3,terramind_v1_tiny,bio15,256,0.5519916766543025,0.5936082129812661
4,terramind_v1_tiny,bio15,256,0.5749331265670102,0.7250234032854226
0,terramind_v1_base,bio04,4096,0.0730188947516843,0.1276949873275757
1,terramind_v1_base,bio04,4096,0.07586062668975886,0.16282556623040087
2,terramind_v1_base,bio04,4096,0.0763895206727784,0.12776774136962277
3,terramind_v1_base,bio04,4096,0.07320324737239123,0.13937510909853384
4,terramind_v1_base,bio04,4096,0.07808626734967478,0.12394679132416624
0,terramind_v1_tiny,bio12,16,0.8668013899771784,0.7059603726884383
1,terramind_v1_tiny,bio12,16,0.8586247746851765,1.0195018113374568
2,terramind_v1_tiny,bio12,16,0.8763840905757692,1.0556975637369537
3,terramind_v1_tiny,bio12,16,0.8735827940707885,0.7718338531382286
4,terramind_v1_tiny,bio12,16,0.8806613979643257,0.8198832922362378
0,terramind_v1_base,bio04,2048,0.11198481942030572,0.15813576022025563
1,terramind_v1_base,bio04,2048,0.11646025858196353,0.1962284091060501
2,terramind_v1_base,bio04,2048,0.11675309442470182,0.159048065001651
3,terramind_v1_base,bio04,2048,0.11219502475264036,0.17378056833662966
4,terramind_v1_base,bio04,2048,0.11893476274804939,0.1566254895069687
0,terramind_v1_base,bio15,4096,0.19377147139459167,0.3903844119140006
1,terramind_v1_base,bio15,4096,0.19724546691899564,0.40689466863586093
2,terramind_v1_base,bio15,4096,0.19670738630509568,0.31411614598700505
3,terramind_v1_base,bio15,4096,0.19906190514081434,0.37010781381047136
4,terramind_v1_base,bio15,4096,0.20934054467917437,0.44319030344045474
0,terramind_v1_base,bio12,128,0.6385094028550014,0.5664991214972053
1,terramind_v1_base,bio12,128,0.6294578858195603,0.8174049580152918
2,terramind_v1_base,bio12,128,0.6431969723255263,0.808185776942845
3,terramind_v1_base,bio12,128,0.6591915553407783,0.5517382634859165
4,terramind_v1_base,bio12,128,0.6588798350519218,0.6131765960531115
0,terramind_v1_small,bio12,8192,0.15979898669312745,0.32214117047267354
1,terramind_v1_small,bio12,8192,0.1665221031690668,0.3726972872966877
2,terramind_v1_small,bio12,8192,0.15433016654604048,0.450672427583594
3,terramind_v1_small,bio12,8192,0.17222913135844306,0.2626945071998908
4,terramind_v1_small,bio12,8192,0.16888677885427975,0.324142836823875
0,terramind_v1_base,bio12,512,0.3934133520653102,0.3881589774204989
1,terramind_v1_base,bio12,512,0.39963168286403766,0.49669550810883506
2,terramind_v1_base,bio12,512,0.39498556998086937,0.5544123642392705
3,terramind_v1_base,bio12,512,0.4099834513285171,0.3596073158246673
4,terramind_v1_base,bio12,512,0.4104630292430577,0.3993439359589009
0,terramind_v1_base,bio01,4096,0.050916616894085075,0.08291770401005516
1,terramind_v1_base,bio01,4096,0.053488021489478337,0.09679816856157292
2,terramind_v1_base,bio01,4096,0.05181722496613389,0.08679245000139385
3,terramind_v1_base,bio01,4096,0.05071199092444783,0.08493858011037264
4,terramind_v1_base,bio01,4096,0.052276986136217375,0.09780341029583929
0,terramind_v1_small,bio15,64,0.7687336821062698,0.7010672111372152
1,terramind_v1_small,bio15,64,0.7813455817625318,0.725410435794208
2,terramind_v1_small,bio15,64,0.7824766127377049,0.6246853368233015
3,terramind_v1_small,bio15,64,0.7779562410290816,0.7250757507005368
4,terramind_v1_small,bio15,64,0.7934529598631888,0.9403732705953258
0,terramind_v1_tiny,bio01,16,0.8408442973267755,0.7143407322229871
1,terramind_v1_tiny,bio01,16,0.84756349187074,0.9194284326806168
2,terramind_v1_tiny,bio01,16,0.8472344326799632,0.8570075805849878
3,terramind_v1_tiny,bio01,16,0.833737899190739,0.7571744586554522
4,terramind_v1_tiny,bio01,16,0.8462253340057014,0.9082590818519611
0,terramind_v1_base,bio12,16,0.8677561001689422,0.673345851644487
1,terramind_v1_base,bio12,16,0.8559349672931124,0.983160220911058
2,terramind_v1_base,bio12,16,0.8581574016158076,1.0675734175746943
3,terramind_v1_base,bio12,16,0.8791714713054539,0.7193552107886032
4,terramind_v1_base,bio12,16,0.8718635295180008,0.8173416836620364
0,terramind_v1_large,bio15,256,0.5856603390844871,0.6178307644192498
1,terramind_v1_large,bio15,256,0.5891655969599447,0.6579011919563034
2,terramind_v1_large,bio15,256,0.6021984147487426,0.512167934590837
3,terramind_v1_large,bio15,256,0.5954940791700678,0.6167699107680573
4,terramind_v1_large,bio15,256,0.6084383162930181,0.7998010076639154
0,terramind_v1_large,bio04,256,0.38621723031761684,0.390434077284142
1,terramind_v1_large,bio04,256,0.4003926369157023,0.500231958339023
2,terramind_v1_large,bio04,256,0.40231247263749337,0.42265598744650895
3,terramind_v1_large,bio04,256,0.39258072368270813,0.42765119543752267
4,terramind_v1_large,bio04,256,0.39995047395557193,0.4387854009757972
0,terramind_v1_large,bio15,8192,0.13144572865176074,0.3284313480563785
1,terramind_v1_large,bio15,8192,0.13241037284223137,0.36884295334428824
2,terramind_v1_large,bio15,8192,0.12869568408535426,0.3053836061982688
3,terramind_v1_large,bio15,8192,0.13302520704888252,0.32754797182455403
4,terramind_v1_large,bio15,8192,0.13999868688888698,0.406757640229718
0,terramind_v1_base,bio15,512,0.4632619980218834,0.5502782276995251
1,terramind_v1_base,bio15,512,0.47540543241876304,0.544034907991152
2,terramind_v1_base,bio15,512,0.47666883257836,0.4671215465598295
3,terramind_v1_base,bio15,512,0.4712459565575109,0.5498068041341684
4,terramind_v1_base,bio15,512,0.48971544483271523,0.6755096901972839
0,terramind_v1_large,bio12,8192,0.13832631485867222,0.293967762790988
1,terramind_v1_large,bio12,8192,0.14273751691474668,0.35205489302153764
2,terramind_v1_large,bio12,8192,0.12913522221661894,0.43763544670533283
3,terramind_v1_large,bio12,8192,0.14920398950495697,0.23816519289608037
4,terramind_v1_large,bio12,8192,0.1438177701264367,0.31324405365700236
0,terramind_v1_tiny,bio01,4096,0.058565650037201676,0.09095330145505524
1,terramind_v1_tiny,bio01,4096,0.06129478977974057,0.10574942488795198
2,terramind_v1_tiny,bio01,4096,0.06082064143171514,0.09264986199605317
3,terramind_v1_tiny,bio01,4096,0.057173196200627226,0.09927526947538107
4,terramind_v1_tiny,bio01,4096,0.06110095374121455,0.09907499930800313
0,terramind_v1_tiny,bio01,128,0.38865950583323555,0.3511389914644438
1,terramind_v1_tiny,bio01,128,0.39133375768829903,0.441988934915518
2,terramind_v1_tiny,bio01,128,0.40373865611992327,0.3677247930914075
3,terramind_v1_tiny,bio01,128,0.38441421903788203,0.36365111932211397
4,terramind_v1_tiny,bio01,128,0.38878802921453925,0.44062245244402976
0,terramind_v1_base,bio15,128,0.6837345040788225,0.6239106628059962
1,terramind_v1_base,bio15,128,0.6851299180546441,0.6926593819354089
2,terramind_v1_base,bio15,128,0.681370288841408,0.5997773684804434
3,terramind_v1_base,bio15,128,0.6877829777453325,0.6514469000109651
4,terramind_v1_base,bio15,128,0.6938563717139274,0.910809121469198
0,terramind_v1_large,bio12,16,0.8770333519443956,0.7298260620805137
1,terramind_v1_large,bio12,16,0.880791193316701,0.9889251084275177
2,terramind_v1_large,bio12,16,0.8878491284341514,1.0767226536127124
3,terramind_v1_large,bio12,16,0.8799419596512842,0.8030716392915758
4,terramind_v1_large,bio12,16,0.8872808378657707,0.8556332256998709
0,terramind_v1_small,bio15,4096,0.2367865079946049,0.4413334578325622
1,terramind_v1_small,bio15,4096,0.24195873726576017,0.45401924673198335
2,terramind_v1_small,bio15,4096,0.23659462422032118,0.37626646405462477
3,terramind_v1_small,bio15,4096,0.24148810951087335,0.42912858990214864
4,terramind_v1_small,bio15,4096,0.25369784231637055,0.5195088214170026
0,terramind_v1_base,bio15,64,0.8189863968039217,0.6857430369668901
1,terramind_v1_base,bio15,64,0.8094147964598272,0.8044609451352313
2,terramind_v1_base,bio15,64,0.8072875857559612,0.7040529395223823
3,terramind_v1_base,bio15,64,0.8190941096066278,0.7431024963399727
4,terramind_v1_base,bio15,64,0.8216890615559467,1.0471616272900217
0,terramind_v1_small,bio04,8192,0.06480429727355488,0.14486934436293733
1,terramind_v1_small,bio04,8192,0.06967441622146343,0.17157541506697666
2,terramind_v1_small,bio04,8192,0.06906355085112229,0.13713020781742633
3,terramind_v1_small,bio04,8192,0.06519069154581028,0.16076399711288256
4,terramind_v1_small,bio04,8192,0.0710571076318309,0.12991172093977668
0,terramind_v1_small,bio12,1024,0.3385708404161959,0.35954755998536964
1,terramind_v1_small,bio12,1024,0.3421696279040507,0.4730263331587549
2,terramind_v1_small,bio12,1024,0.33773857974920074,0.5110629200867997
3,terramind_v1_small,bio12,1024,0.35706056534259567,0.3180201512523576
4,terramind_v1_small,bio12,1024,0.35753945722183944,0.3444830968030403
0,terramind_v1_large,bio15,128,0.6980894840363044,0.6427294091719727
1,terramind_v1_large,bio15,128,0.6984521422142929,0.7214382616699097
2,terramind_v1_large,bio15,128,0.7084764229037335,0.5783398725498344
3,terramind_v1_large,bio15,128,0.7063311863403182,0.6576566847046642
4,terramind_v1_large,bio15,128,0.7184208777407659,0.8852844928592597
0,terramind_v1_small,bio15,1024,0.3996179947688999,0.48737009414589955
1,terramind_v1_small,bio15,1024,0.40285699932581626,0.5234926959384334
2,terramind_v1_small,bio15,1024,0.40523738642514934,0.42665688650446365
3,terramind_v1_small,bio15,1024,0.4038931750194869,0.5055929135912788
4,terramind_v1_small,bio15,1024,0.41759623130819423,0.6373165097497796
